{
  "imprint_seed": {
    "initial_chern": -0.875,
    "initial_fitness": 1.022445727775598
  },
  "random_seed": {
    "avg_chern": -0.075,
    "avg_fitness": 0.7115512965190557
  },
  "convergence": {
    "imprint_mean": 55.666666666666664,
    "random_mean": 80.0,
    "speedup": 1.437125748502994
  },
  "t_test": {
    "statistic": -1.0000000000000002,
    "p_value": 0.3739009663000589
  },
  "trajectories": {
    "imprint_avg_fitness": [
      1.0556666666666665,
      1.0645,
      1.2123333333333335,
      1.2123333333333335,
      1.2123333333333335,
      1.2726333333333335,
      1.2726333333333335,
      1.3605,
      1.3605,
      1.3605,
      1.3818,
      1.3818,
      1.3818,
      1.3818,
      1.3818,
      1.3818,
      1.3818,
      1.3818,
      1.3818,
      1.4365666666666668,
      1.4422666666666668,
      1.4422666666666668,
      1.4422666666666668,
      1.4422666666666668,
      1.4422666666666668,
      1.4422666666666668,
      1.447733333333333,
      1.447733333333333,
      1.447733333333333,
      1.4808000000000001,
      1.4808000000000001,
      1.5570333333333333,
      1.5570333333333333,
      1.5570333333333333,
      1.5570333333333333,
      1.5570333333333333,
      1.5580333333333334,
      1.5580333333333334,
      1.5580333333333334,
      1.5580333333333334,
      1.5580333333333334,
      1.5580333333333334,
      1.5673333333333332,
      1.6002666666666665,
      1.6002666666666665,
      1.6181,
      1.6181,
      1.6347333333333331,
      1.6347333333333331,
      1.6609333333333334,
      1.7102666666666666,
      1.7102666666666666,
      1.7608,
      1.7608,
      1.7608,
      1.7721333333333333,
      1.7721333333333333,
      1.7962333333333333,
      1.7995999999999999,
      1.8218333333333334,
      1.8235666666666666,
      1.8493000000000002,
      1.8493000000000002,
      1.8543333333333336,
      1.8543333333333336,
      1.8543333333333336,
      1.8543333333333336,
      1.8543333333333336,
      1.8543333333333336,
      1.8543333333333336,
      1.8700333333333334,
      1.8700333333333334,
      1.8843333333333334,
      1.8843333333333334,
      1.8843333333333334,
      1.8843333333333334,
      1.8882333333333332,
      1.9270333333333334,
      1.9342333333333332,
      1.9357
    ],
    "imprint_avg_chern": [
      -0.625,
      -0.5,
      -0.5833333333333334,
      -0.5833333333333334,
      -0.5833333333333334,
      -0.5833333333333334,
      -0.5833333333333334,
      -0.625,
      -0.625,
      -0.625,
      -0.5833333333333334,
      -0.5833333333333334,
      -0.5833333333333334,
      -0.5833333333333334,
      -0.5833333333333334,
      -0.5833333333333334,
      -0.5833333333333334,
      -0.5833333333333334,
      -0.5833333333333334,
      -0.5416666666666666,
      -0.5,
      -0.5,
      -0.5,
      -0.5,
      -0.5,
      -0.5,
      -0.5416666666666666,
      -0.5416666666666666,
      -0.5416666666666666,
      -0.5416666666666666,
      -0.5416666666666666,
      -0.5416666666666666,
      -0.5416666666666666,
      -0.5416666666666666,
      -0.5416666666666666,
      -0.5416666666666666,
      -0.5416666666666666,
      -0.5416666666666666,
      -0.5416666666666666,
      -0.5416666666666666,
      -0.5416666666666666,
      -0.5416666666666666,
      -0.5833333333333334,
      -0.5,
      -0.5,
      -0.5,
      -0.5,
      -0.375,
      -0.375,
      -0.4583333333333333,
      -0.5416666666666666,
      -0.5416666666666666,
      -0.5416666666666666,
      -0.5416666666666666,
      -0.5416666666666666,
      -0.5833333333333334,
      -0.5833333333333334,
      -0.5416666666666666,
      -0.5416666666666666,
      -0.5833333333333334,
      -0.5833333333333334,
      -0.5833333333333334,
      -0.5833333333333334,
      -0.5833333333333334,
      -0.5833333333333334,
      -0.5833333333333334,
      -0.5833333333333334,
      -0.5833333333333334,
      -0.5833333333333334,
      -0.5833333333333334,
      -0.5833333333333334,
      -0.5833333333333334,
      -0.5833333333333334,
      -0.5833333333333334,
      -0.5833333333333334,
      -0.5833333333333334,
      -0.625,
      -0.5833333333333334,
      -0.5833333333333334,
      -0.5416666666666666
    ],
    "random_avg_fitness": [
      1.0544333333333331,
      1.0544333333333331,
      1.0666666666666667,
      1.0666666666666667,
      1.0666666666666667,
      1.0666666666666667,
      1.0666666666666667,
      1.1215,
      1.1215,
      1.1215,
      1.1215,
      1.1215,
      1.1347333333333331,
      1.1347333333333331,
      1.1347333333333331,
      1.1623666666666665,
      1.1623666666666665,
      1.1784999999999999,
      1.1818333333333333,
      1.2171999999999998,
      1.2315,
      1.2315,
      1.2315,
      1.2315,
      1.2315,
      1.2315,
      1.2504666666666666,
      1.2504666666666666,
      1.2504666666666666,
      1.256,
      1.256,
      1.3044,
      1.3134000000000001,
      1.3467333333333331,
      1.3504333333333332,
      1.3688666666666665,
      1.3764666666666665,
      1.3787666666666665,
      1.3787666666666665,
      1.4284999999999999,
      1.4441,
      1.4492,
      1.4492,
      1.4492,
      1.4778,
      1.5030333333333334,
      1.5079,
      1.5300333333333331,
      1.5340666666666667,
      1.5528666666666666,
      1.5528666666666666,
      1.5528666666666666,
      1.5626666666666669,
      1.5809666666666669,
      1.5843666666666667,
      1.6020333333333336,
      1.6103333333333334,
      1.6435333333333333,
      1.6435333333333333,
      1.6447333333333332,
      1.6447333333333332,
      1.6595000000000002,
      1.6595000000000002,
      1.6595000000000002,
      1.6608333333333334,
      1.6754,
      1.6754,
      1.6757333333333335,
      1.6757333333333335,
      1.6854000000000002,
      1.6854000000000002,
      1.6959,
      1.6966666666666665,
      1.6966666666666665,
      1.6966666666666665,
      1.7103666666666666,
      1.7103666666666666,
      1.7103666666666666,
      1.7103666666666666,
      1.7103666666666666
    ],